<?xml version="1.0" encoding="UTF-8"?>
<addon id="repository.kedomingo" name="kedomingo" version="0.13" provider-name="kedomingo">
  <extension point="xbmc.addon.repository" name="kedomingo">
    <dir>
      <info compressed="false">https://raw.githubusercontent.com/kedomingo/vidsrc/refs/heads/main/zips/addons.xml</info>
      <checksum>https://raw.githubusercontent.com/kedomingo/vidsrc/refs/heads/main/zips/addons.xml.md5</checksum>
      <datadir zip="true">https://raw.githubusercontent.com/kedomingo/vidsrc/refs/heads/main/zips/</datadir>
    </dir>
  </extension>
  <extension point="xbmc.addon.metadata">
    <summary>...</summary>
    <description>...</description>
    <platform>all</platform>
    <assets>
      <icon>icon.png</icon>
      <fanart>fanart.jpg</fanart>
    </assets>
  </extension>
</addon>